sheet_index,Supermarket,lat,lng,proximity_score,nearest_km,proximity_tertile,high_comp,competition_group
1,Stop and Shop (Downtown),-9.477600317,147.1500773,5.688291039928252,1.145709905613022,Low,0,Low/Mid Competition
2,Range view,-9.439068092999999,147.1795863,17.55337306180398,.2563256812476644,High,1,High Competition
3,RH Vision City,-9.438269978999999,147.1817786,18.11158196455994,.2563256812476644,High,1,High Competition
4,Eliseo Supermarket Waigani,-9.4536,147.1761,15.83766517612163,.1469848925968816,Medium,0,Low/Mid Competition
5,Waterfront Foodworld (Konedobu),-9.46768,147.1529,7.521125338104216,.6991993003925071,Low,0,Low/Mid Competition
6,Stop and Shop (Rainbow),-9.400512035,147.1607366,8.288109808557429,.0916123821014145,Low,0,Low/Mid Competition
7,Boroko Foodworld,-9.45004,147.1966,20.36589139932665,.7798753532663506,High,1,High Competition
8,Tango Tokarara,-9.429320000000001,147.1727,14.3529778721375,.4810647627725727,Medium,0,Low/Mid Competition
9,1Stop Village,-9.465260000000001,147.2179,11.91992064087797,1.427911371301239,Medium,0,Low/Mid Competition
10,Stop N Shop Badili,-9.47958,147.1775,12.2950787363676,.1587095793125779,Medium,0,Low/Mid Competition
11,Meat Haus (Waigani Drive) Port Moresby,-9.443949999999999,147.1831,19.10747858862795,.0656349993779092,High,1,High Competition
12,Stop and Shop Express (airways),-9.45242,147.2177,12.3506615399774,1.091887064219044,Medium,0,Low/Mid Competition
13,K Mart Supermarket,-9.48054,147.1688,9.669519877578081,.8316625007003331,Low,0,Low/Mid Competition
14,Pingan Trading,-9.470996626,147.1896059,17.35312312500284,.0290990631200687,High,1,High Competition
15,TANGO (Boroko),-9.465673448,147.1954515,18.85049856770683,.0790549555182993,High,1,High Competition
16,Kwik mart Tokarara,-9.42554,147.1789,15.43143003157335,.0917264781129904,Medium,0,Low/Mid Competition
17,Bro & Sis Supermarket,-9.424770000000001,147.1786,15.19301027802813,.0917264781129904,Medium,0,Low/Mid Competition
18,WAIGANI WHOLESALE & RETAIL,-9.42431,147.1798,15.23434935732711,.0961493230325234,Medium,0,Low/Mid Competition
19,Bhuiya Waigani,-9.423590463,147.1802861,14.99046365855672,.0961493230325234,Medium,0,Low/Mid Competition
20,Eliseo Rainbow,-9.399054551000001,147.1608881,8.165540440347538,.1089386903159474,Low,0,Low/Mid Competition
21,Papindo gerehu,-9.39074634,147.1616055,6.717689559239432,.6240095121818661,Low,0,Low/Mid Competition
22,RH Gordon's,-9.446215575,147.189994,20.77827980239999,.6187277940268798,High,1,High Competition
23,Navana Limited,-9.492844988,147.2221825,7.334962321930787,1.427526534398769,Low,0,Low/Mid Competition
24,Desh Besh Gordon’s,-9.442724762999999,147.1943867,21.81833571580483,.0381602756843813,High,1,High Competition
25,Eliseo Boroko,-9.462071513,147.1960579,18.97050650419009,.4060018236498573,High,1,High Competition
26,Stop and Shop Waigani Central,-9.45384,147.1867,18.93788810880473,.921575825355242,High,1,High Competition
27,Stop & Shop Boroko,-9.466670000000001,147.1951,18.71088829064371,.1004631083207393,High,1,High Competition
28,SVS 4 mile,-9.471910919000001,147.1865371,16.35768742878205,.3359433089738372,Medium,0,Low/Mid Competition
29,Keme trading # 3,-9.405570000000001,147.2279,4.554355778167874,1.036882342936238,Low,0,Low/Mid Competition
30,M&S Enterprise Ltd.,-9.410270000000001,147.2403,4.073639717835801,.3497778614923095,Low,0,Low/Mid Competition
31,Desh Besh Kons,-9.467302767,147.1592634,9.171291554269731,.6991993003925071,Low,0,Low/Mid Competition
32,Thomand Plaza,-9.426051978,147.1832748,15.58973177413978,.4270791733098562,Medium,0,Low/Mid Competition
33,Mountain Friend,-9.43019763,147.1677821,12.7706405635189,.0711932035521058,Medium,0,Low/Mid Competition
34,Bulk Traders,-9.44348931,147.1834741,19.22148938013992,.0656349993779092,High,1,High Competition
35,Rainbow Cash and Carry (Chinese),-9.399413974,147.1599643,8.098802770798319,.1089386903159474,Low,0,Low/Mid Competition
36,Byron's shop,-9.483227987999999,147.2135599,12.25746735687848,.1143321169796986,Medium,0,Low/Mid Competition
37,Jmart supermarket Erima,-9.437396076000001,147.2037786,16.97780673954867,.0466264599567599,Medium,0,Low/Mid Competition
38,SNS 8 mile,-9.425472255000001,147.2159157,9.000687569901013,1.878934641237086,Low,0,Low/Mid Competition
39,9 Mile Plaza,-9.413667272,147.2325878,5.189444041691099,.6468006870558678,Low,0,Low/Mid Competition
40,Elisio Makana Plaza,-9.41281047,147.2384197,4.53534310422859,.3497778614923095,Low,0,Low/Mid Competition
41,Eliseo Mosin Plaza,-9.388072117,147.1566048,5.858835713116759,.6240095121818661,Low,0,Low/Mid Competition
42,Wan Mart,-9.466229999999999,147.1959,18.76061617532748,.0790549555182993,High,1,High Competition
43,Amart,-9.470833303999999,147.1893986,17.35314720524488,.0290990631200687,High,1,High Competition
44,Rephen supermarket,-9.45489431,147.1758278,15.59531177350477,.1469848925968816,Medium,0,Low/Mid Competition
45,Honyu,-9.474804808,147.1741623,12.40558200137366,.6449370343426553,Medium,0,Low/Mid Competition
46,Wada wada supermarket,-9.482914418,147.2125671,12.69118809864201,.0797345678395911,Medium,0,Low/Mid Competition
47,Manu cash and carry,-9.478837208,147.203935,15.49119375241786,.0592884478447125,Medium,0,Low/Mid Competition
48,Alhamdulillah investment manu,-9.478679223,147.2034187,15.64116846828897,.0592884478447125,Medium,0,Low/Mid Competition
49,IRFA Holdings Supermarket & Wholesale,-9.481769018,147.2123444,12.99496733685977,.0621487373364602,Medium,0,Low/Mid Competition
50,Shorna Vadavada Taurama,-9.482305047000001,147.2121839,12.95018136167168,.0621487373364602,Medium,0,Low/Mid Competition
51,En Dian Enterprise Taurama,-9.520653680000001,147.2412323,3.908996985575517,.2077817282384428,Low,0,Low/Mid Competition
52,ASDA Enterprises,-9.518903263,147.2405691,4.215260975262431,.2077817282384428,Low,0,Low/Mid Competition
53,Super City Taurama,-9.514730254,147.2404608,4.596520129093518,.4641693983402782,Low,0,Low/Mid Competition
54,Across Jannet2 Taurama,-9.509774398999999,147.2419893,4.657619307754828,.0961472381097495,Low,0,Low/Mid Competition
55,Jannat2 Taurama,-9.509797807,147.2411129,4.732569603304367,.0961472381097495,Low,0,Low/Mid Competition
56,Rahana Wholesale,-9.408144742999999,147.1863551,10.00261230396124,.0298513686921979,Low,0,Low/Mid Competition
57,Ekra Enterprise #3 Morata,-9.408285046,147.1861231,10.06957588405784,.0298513686921979,Low,0,Low/Mid Competition
58,Ekra #7 Morata,-9.408622224,147.1861738,10.15082732005237,.0379027611371379,Low,0,Low/Mid Competition
59,Best Gear,-9.440722736,147.1944733,21.06948732063993,.1637430320729107,High,1,High Competition
60,Central supermarket,-9.441948030000001,147.1953013,21.56962010753291,.0830301667108046,High,1,High Competition
61,Skel Wan supermarket,-9.442622839,147.1947189,21.85259109043184,.011950496182448,High,1,High Competition
62,Eliseo Wholesale,-9.443177221999999,147.1951335,21.79209782364146,.0639221619148068,High,1,High Competition
63,Gordon's Wholesale,-9.44263011,147.1948276,21.85489684744897,.0105778806286872,High,1,High Competition
64,Jade Island,-9.442641016,147.1949234,21.84576184446337,.0105778806286872,High,1,High Competition
65,Plazawan,-9.442539226999999,147.1957637,21.58674960041613,.0830301667108046,High,1,High Competition
66,Eliseo Erima,-9.437781555000001,147.2039459,17.04367368893784,.0466264599567599,High,1,High Competition
67,Bhuiya enterprise ltd- Erima Branch,-9.43838,147.203,17.60241163568236,.123261170851712,High,1,High Competition
68,Supreme supermarket,-9.453689376,147.2064327,17.97780091902665,.0524627056664397,High,1,High Competition
69,Azmir Super Market,-9.45379,147.2069,17.84329719253052,.0524627056664397,High,1,High Competition
70,Happy supermarket,-9.453847732,147.2074179,17.64278919722989,.0483454118932689,High,1,High Competition
71,Xushang Supermarket,-9.453886625999999,147.2078569,17.42814515503887,.0483454118932689,High,1,High Competition
72,Good link wholesale and retail,-9.477906584999999,147.1990029,16.30760524083077,.0914137805979611,Medium,0,Low/Mid Competition
73,Shopsmart manu,-9.478113394999999,147.1998813,16.26539358274008,.0498616914226293,Medium,0,Low/Mid Competition
74,Kwik Mart Manu,-9.477671904999999,147.1998017,16.38725232301748,.0498616914226293,Medium,0,Low/Mid Competition
75,RH Kwik Mart Rainbow,-9.40132,147.1609,8.282583252922787,.0916123821014145,Low,0,Low/Mid Competition
76,Ivy Waikele,-9.379282379999999,147.1601048,4.794877788733978,.0630059609773359,Low,0,Low/Mid Competition
77,Ekra Waikele,-9.378828133000001,147.1604481,4.71475520316754,.0630059609773359,Low,0,Low/Mid Competition
79,Badili Mart,-9.480487038,147.1763827,11.78137998511555,.1587095793125779,Medium,0,Low/Mid Competition
80,Way back supermarket Hanuabada,-9.450139252,147.1514448,7.901166824408411,.0973063831168962,Low,0,Low/Mid Competition
81,New Star Hanuabada,-9.450575231,147.1506756,7.694603202433572,.0973063831168962,Low,0,Low/Mid Competition
82,Maxim Trading Sabama,-9.488400889999999,147.1928837,11.69061991029291,.1011245563415542,Medium,0,Low/Mid Competition
83,Unity market Sabama,-9.488882727,147.1936657,11.55652684777276,.1011245563415542,Medium,0,Low/Mid Competition
84,Shop and save Tokarara,-9.430285397,147.168425,13.03974447607412,.0711932035521058,Medium,0,Low/Mid Competition
